model,mean_accuracy
naive_bayes,0.9590732113245826
logistic_regression,0.9524171946086144
svm,0.9785507765757776
random_forest,0.9728815000637783
knn,0.9060662200166432
