model,accuracy,precision,recall,f1_score
knn,0.916256157635468,0.9705882352941176,0.28205128205128205,0.4370860927152318
logistic_regression,0.9596059113300492,0.975,0.6666666666666666,0.7918781725888325
naive_bayes,0.967487684729064,1.0,0.717948717948718,0.835820895522388
random_forest,0.9753694581280788,0.9791666666666666,0.8034188034188035,0.8826291079812206
svm,0.9753694581280788,0.96,0.8205128205128205,0.8847926267281107
